sequence,genre,num_frames,mean_motion,std_motion,max_motion,median_motion,total_displacement
gJS_sBM_cAll_d01_mJS1_ch02,gJS,640,0.13046938,0.15484163,0.68968767,0.06661098,83.369934
gHO_sBM_cAll_d21_mHO5_ch08,gHO,426,1.3233343,0.40187445,2.5006328,1.3211777,562.4171
gJS_sBM_cAll_d01_mJS0_ch02,gJS,720,0.12443103,0.16143039,0.796689,0.04661746,89.46591
gWA_sBM_cAll_d25_mWA0_ch04,gWA,720,0.6541911,0.42116162,1.7799649,0.4974226,470.36337
gWA_sBM_cAll_d25_mWA0_ch10,gWA,720,0.9434044,0.48755467,2.6745572,0.8629392,678.30774
gHO_sBM_cAll_d20_mHO5_ch06,gHO,426,1.0026602,0.29360458,1.6536542,1.0097232,426.13055
gWA_sBM_cAll_d26_mWA0_ch01,gWA,720,0.2474929,0.22728124,1.6914786,0.1807791,177.94739
gLO_sBM_cAll_d15_mLO2_ch10,gLO,576,0.79552245,0.3655284,2.18978,0.80315924,457.4254
gLO_sBM_cAll_d15_mLO2_ch04,gLO,576,0.07755108,0.08802426,0.35078955,0.03832944,44.591873
gKR_sBM_cAll_d29_mKR0_ch02,gKR,720,0.09656464,0.060826153,0.32727477,0.07934447,69.42998
gKR_sBM_cAll_d29_mKR1_ch02,gKR,640,0.9197169,0.4859499,3.2066214,0.8344049,587.6991
gBR_sBM_cAll_d06_mBR2_ch02,gBR,576,0.80539936,0.337092,1.6708363,0.82676905,463.1046
gBR_sBM_cAll_d06_mBR3_ch02,gBR,524,0.756116,0.32258955,1.6481239,0.74777997,395.44864
gMH_sBM_cAll_d24_mMH3_ch04,gMH,524,0.95004493,0.40591046,1.7553314,0.95173836,496.8735
gLO_sFM_cAll_d15_mLO2_ch17,gLO,2302,0.744399,0.5178231,3.0862546,0.6249877,1712.8622
gMH_sBM_cAll_d24_mMH3_ch10,gMH,524,0.97546124,0.32038373,2.1586642,0.95628065,510.16623
gMH_sBM_cAll_d24_mMH3_ch05,gMH,524,0.8623587,0.33099318,1.6944714,0.9148566,451.01358
gLO_sBM_cAll_d15_mLO2_ch05,gLO,576,0.13092194,0.106469505,0.5004631,0.10622557,75.28012
gLH_sBM_cAll_d17_mLH1_ch01,gLH,640,1.3067927,0.66661656,3.1954954,1.1549516,835.0405
gLH_sBM_cAll_d17_mLH0_ch01,gLH,720,0.9610898,0.5348938,2.2826445,0.8154038,691.02356
gHO_sBM_cAll_d20_mHO5_ch07,gHO,426,1.1248823,0.42545915,2.265138,1.1039025,478.075
gJS_sBM_cAll_d03_mJS5_ch02,gJS,443,0.11364025,0.12028272,0.47289097,0.05195959,50.22899
gWA_sBM_cAll_d25_mWA0_ch05,gWA,720,0.4175226,0.18712975,1.0083897,0.42702225,300.19876
gJS_sBM_cAll_d03_mJS4_ch02,gJS,480,0.1543096,0.18574357,0.76407963,0.06995906,73.9143
gHO_sBM_cAll_d21_mHO5_ch09,gHO,426,1.1514623,0.3803509,2.0897036,1.1612841,489.37146
gJS_sBM_cAll_d01_mJS0_ch01,gJS,720,0.022592526,0.024796069,0.16089423,0.015212365,16.244026
gLH_sBM_cAll_d17_mLH4_ch09,gLH,480,0.9414366,0.33919665,1.7545496,0.9219715,450.94812
gJS_sBM_cAll_d01_mJS1_ch01,gJS,640,0.023803502,0.0239016,0.17063655,0.016776687,15.210438
gWA_sBM_cAll_d25_mWA0_ch07,gWA,720,0.25357637,0.18146737,1.0321246,0.21683311,182.32141
gHO_sBM_cAll_d20_mHO5_ch05,gHO,426,0.8094931,0.35483253,1.6341907,0.87878907,344.03458
gWA_sBM_cAll_d26_mWA0_ch02,gWA,720,0.5739858,0.48280352,4.0914025,0.41931552,412.6958
gLO_sBM_cAll_d15_mLO2_ch07,gLO,576,0.7921568,0.4240672,1.8418592,0.7503861,455.49017
gKR_sBM_cAll_d29_mKR1_ch01,gKR,640,1.0559709,0.4624062,2.8797438,1.0671616,674.7654
gKR_sBM_cAll_d29_mKR0_ch01,gKR,720,0.56978345,0.3704375,2.140492,0.51243854,409.67432
gBR_sBM_cAll_d06_mBR3_ch01,gBR,524,1.4213634,0.33890542,2.2319894,1.4137914,743.37305
gBR_sBM_cAll_d06_mBR2_ch01,gBR,576,1.341865,0.43738517,2.345785,1.4164276,771.5723
gKR_sBM_cAll_d30_mKR2_ch08,gKR,576,0.6251153,0.3426405,1.792158,0.5527648,359.44128
gMH_sBM_cAll_d24_mMH3_ch07,gMH,524,1.0503217,0.43188295,2.0983126,1.0535378,549.31824
gMH_sBM_cAll_d24_mMH3_ch06,gMH,524,1.0422715,0.49577093,2.3948915,0.99464947,545.108
gKR_sBM_cAll_d30_mKR2_ch09,gKR,576,0.2784539,0.16401969,0.8187985,0.24397272,160.11098
gWA_sFM_cAll_d25_mWA0_ch01,gWA,2878,0.6339687,0.413638,3.622024,0.54426533,1823.928
gMH_sFM_cAll_d23_mMH3_ch11,gMH,2093,1.1859684,0.6619995,3.7971206,1.101284,2481.046
gLH_sBM_cAll_d17_mLH0_ch02,gLH,720,0.984303,0.32099172,1.817431,0.982955,707.71387
gLO_sBM_cAll_d15_mLO2_ch06,gLO,576,0.98178554,0.37599197,2.0065067,0.9843754,564.5267
gLH_sBM_cAll_d17_mLH1_ch02,gLH,640,1.1917189,0.6886842,3.4493105,1.0709103,761.5084
gWA_sBM_cAll_d26_mWA0_ch03,gWA,720,0.3441467,0.40760475,3.2055483,0.17796423,247.44148
gHO_sBM_cAll_d20_mHO5_ch10,gHO,426,0.7880103,0.42720452,1.8708223,0.7281829,334.9044
gHO_sBM_cAll_d20_mHO5_ch04,gHO,426,1.023894,0.33511278,1.6291963,1.0823178,435.1549
gWA_sBM_cAll_d25_mWA0_ch06,gWA,720,0.682788,0.26301488,1.4423015,0.6865182,490.9246
gJS_sBM_cAll_d03_mJS4_ch01,gJS,480,0.034470662,0.031162301,0.1322451,0.022456355,16.511448
gJS_sBM_cAll_d03_mJS5_ch01,gJS,443,0.032810695,0.044716273,0.33415934,0.017965341,14.502327
gLH_sBM_cAll_d17_mLH4_ch08,gLH,480,0.34506774,0.13104595,0.7876915,0.33561435,165.28745
gMH_sBM_cAll_d22_mMH3_ch08,gMH,524,1.2984856,0.6675566,3.2489603,1.146493,679.108
gWA_sBM_cAll_d25_mWA1_ch02,gWA,640,0.5522249,0.25942174,1.7815979,0.53057414,352.8717
gWA_sBM_cAll_d25_mWA0_ch02,gWA,720,0.47023198,0.33505625,2.293524,0.40944105,338.0968
gWA_sBM_cAll_d26_mWA0_ch07,gWA,720,0.18463594,0.124143526,0.8915395,0.15495498,132.75323
gJS_sBM_cAll_d02_mJS0_ch01,gJS,720,0.015010123,0.01359603,0.081297874,0.0110031385,10.792278
gLH_sBM_cAll_d18_mLH3_ch01,gLH,524,0.99525887,0.5439879,2.140674,0.87962306,520.5204
gJS_sBM_cAll_d02_mJS1_ch01,gJS,640,0.020470012,0.01919502,0.15266593,0.015888758,13.080338
gLH_sBM_cAll_d18_mLH2_ch01,gLH,576,1.0823475,0.6178545,2.4449577,0.9101761,622.34985
gLO_sBM_cAll_d15_mLO2_ch02,gLO,576,0.05037845,0.034370173,0.15595973,0.040392786,28.967607
gLO_sBM_cAll_d15_mLO3_ch02,gLO,524,0.09474946,0.08813634,0.35988617,0.057142068,49.553967
gLO_sBM_cAll_d13_mLO2_ch08,gLO,576,0.8553419,0.47545853,2.1913564,0.7805941,491.8216
gLH_sFM_cAll_d16_mLH4_ch05,gLH,1919,0.9618042,0.56589663,2.9667034,0.88636357,1844.7405
gMH_sBM_cAll_d24_mMH2_ch02,gMH,576,0.90733844,0.5028303,2.2769105,0.9031343,521.7196
gMH_sBM_cAll_d24_mMH3_ch02,gMH,524,0.7516588,0.48842213,1.8719088,0.6341005,393.11755
gMH_sBM_cAll_d24_mMH3_ch03,gMH,524,0.8704692,0.41770774,1.830166,0.8806371,455.2554
gLO_sBM_cAll_d13_mLO2_ch09,gLO,576,0.45413244,0.4906924,2.1704078,0.2337936,261.12616
gPO_sBM_cAll_d12_mPO2_ch01,gPO,576,0.41185227,0.2806665,1.1001209,0.32803765,236.81506
gPO_sBM_cAll_d12_mPO3_ch01,gPO,524,0.43611926,0.29550683,1.0855786,0.333586,228.09038
gHO_sFM_cAll_d21_mHO5_ch20,gHO,1706,1.2528828,0.48408797,3.5195975,1.2121086,2136.1653
gLO_sBM_cAll_d15_mLO2_ch03,gLO,576,0.114378214,0.14944007,0.56150246,0.04055501,65.76747
gWA_sBM_cAll_d26_mWA0_ch06,gWA,720,0.62307364,0.24722831,1.243283,0.6012331,447.98993
gWA_sBM_cAll_d25_mWA0_ch03,gWA,720,0.39021537,0.38345528,2.0754075,0.2650763,280.56485
gHO_sBM_cAll_d20_mHO4_ch01,gHO,443,0.73352766,0.2462293,1.3059378,0.7223986,324.21924
gHO_sFM_cAll_d19_mHO5_ch06,gHO,1706,0.97515047,0.44948444,3.2075682,0.91537446,1662.6316
gMH_sBM_cAll_d22_mMH3_ch09,gMH,524,1.5917928,0.9665697,4.0320163,1.4868075,832.5076
gHO_sBM_cAll_d20_mHO5_ch01,gHO,426,0.73929524,0.24990693,1.2898397,0.7372198,314.20047
gWA_sBM_cAll_d27_mWA5_ch02,gWA,443,1.0242074,0.67594546,4.4323506,0.90323865,452.69965
gJB_sBM_cAll_d07_mJB0_ch01,gJB,720,0.90823215,0.40341398,4.7719116,0.87678885,653.0189
gJB_sBM_cAll_d07_mJB1_ch01,gJB,640,1.0675062,0.3859644,2.1079307,1.0783069,682.1365
gHO_sBM_cAll_d20_mHO5_ch03,gHO,426,0.94472754,0.32995594,1.8054941,0.9679387,401.50922
gWA_sBM_cAll_d25_mWA0_ch01,gWA,720,0.5246645,0.28454733,1.3618287,0.4749102,377.2338
gWA_sBM_cAll_d25_mWA1_ch01,gWA,640,0.58146477,0.33161333,1.5747454,0.48388606,371.556
gWA_sBM_cAll_d26_mWA0_ch04,gWA,720,0.57124805,0.28936327,1.3333976,0.52468526,410.72736
gWA_sBM_cAll_d26_mWA0_ch10,gWA,720,0.7486937,0.41758293,2.243165,0.7189762,538.3108
gLH_sBM_cAll_d18_mLH2_ch02,gLH,576,1.1277057,0.42323953,1.9381574,1.1828982,648.4308
gJS_sBM_cAll_d02_mJS1_ch02,gJS,640,0.13847974,0.17767422,0.751188,0.049944855,88.488556
gLH_sBM_cAll_d18_mLH3_ch02,gLH,524,1.117968,0.4379368,2.1707547,1.1470026,584.69727
gJS_sBM_cAll_d02_mJS0_ch02,gJS,720,0.13388397,0.17305696,0.7115701,0.044779517,96.26257
gLO_sBM_cAll_d15_mLO3_ch01,gLO,524,0.07737993,0.07841503,0.34996888,0.03659392,40.469704
gLO_sBM_cAll_d15_mLO2_ch01,gLO,576,0.08741506,0.09803692,0.45059013,0.043768942,50.26366
gMH_sBM_cAll_d24_mMH3_ch01,gMH,524,0.76127225,0.33289674,1.8613323,0.7362567,398.1454
gMH_sBM_cAll_d24_mMH2_ch01,gMH,576,0.94674337,0.4038525,1.9849724,0.9471213,544.37744
gPO_sBM_cAll_d12_mPO3_ch02,gPO,524,0.57672775,0.34869853,1.5332775,0.49338064,301.6286
gPO_sBM_cAll_d12_mPO2_ch02,gPO,576,0.5950872,0.36747995,1.6835713,0.5316733,342.1751
gWA_sBM_cAll_d26_mWA0_ch05,gWA,720,0.5044712,0.24959955,1.2710304,0.4569898,362.71478
gHO_sBM_cAll_d20_mHO5_ch02,gHO,426,0.8913919,0.36310214,1.8322006,0.8942902,378.84155
gHO_sBM_cAll_d20_mHO4_ch02,gHO,443,0.767391,0.2602442,1.3820817,0.78727823,339.18683
gWA_sBM_cAll_d27_mWA4_ch01,gWA,480,0.7226585,0.49841988,3.986034,0.6172205,346.15344
gJB_sBM_cAll_d07_mJB1_ch02,gJB,640,1.5505608,0.71734756,4.742675,1.510378,990.80835
gJB_sBM_cAll_d07_mJB0_ch02,gJB,720,1.287023,0.5994579,3.5661001,1.2043961,925.3695
gMH_sBM_cAll_d22_mMH1_ch02,gMH,640,0.9470509,0.42122355,1.9328965,0.9435328,605.1655
gMH_sBM_cAll_d22_mMH0_ch02,gMH,720,1.206382,0.5193694,2.6090717,1.178863,867.3887
gLH_sBM_cAll_d18_mLH4_ch01,gLH,480,1.1629432,0.52915305,2.4015028,1.0929456,557.0498
gLH_sBM_cAll_d18_mLH5_ch01,gLH,443,1.3308111,0.6243214,2.7869484,1.2253324,588.2185
gLO_sBM_cAll_d15_mLO5_ch02,gLO,443,0.07361068,0.058632895,0.26350904,0.043640673,32.53592
gLO_sBM_cAll_d15_mLO4_ch02,gLO,480,0.036821928,0.024967384,0.15426536,0.03184634,17.637703
gLH_sBM_cAll_d16_mLH3_ch02,gLH,524,1.5644319,0.79699916,4.5787053,1.4223039,818.1979
gLH_sBM_cAll_d16_mLH2_ch02,gLH,576,1.2045273,0.49743998,2.467473,1.1530143,692.60315
gJS_sBM_cAll_d03_mJS3_ch05,gJS,524,0.05180135,0.032199778,0.17012736,0.045223866,27.092106
gLO_sBM_cAll_d13_mLO1_ch02,gLO,640,0.3071251,0.18297358,0.72450846,0.29864186,196.25293
gLO_sBM_cAll_d13_mLO0_ch02,gLO,720,0.1913495,0.121142864,0.4732643,0.18699825,137.58029
gMH_sBM_cAll_d24_mMH5_ch02,gMH,443,1.2428849,0.740242,2.9188762,1.0666544,549.3551
gBR_sBM_cAll_d05_mBR4_ch01,gBR,480,1.1478215,0.4219579,1.9101357,1.2134496,549.8065
gMH_sBM_cAll_d24_mMH4_ch02,gMH,480,0.9565254,0.5123753,2.1505258,0.9773264,458.17566
gBR_sBM_cAll_d05_mBR5_ch01,gBR,443,1.1120964,0.37689006,1.9246082,1.1379999,491.5466
gJB_sFM_cAll_d08_mJB5_ch14,gJB,1771,1.3637692,0.9201567,5.5781145,1.2713398,2413.8713
gPO_sBM_cAll_d10_mPO1_ch01,gPO,640,0.2860482,0.19185206,0.6785248,0.21782373,182.7848
gPO_sBM_cAll_d10_mPO0_ch01,gPO,720,0.27331305,0.186447,0.70916635,0.2155666,196.51207
gBR_sBM_cAll_d04_mBR0_ch05,gBR,720,0.9451952,0.47883078,2.548533,0.97285557,679.59534
gBR_sBM_cAll_d04_mBR0_ch04,gBR,720,0.77708143,0.35074377,1.9393675,0.7405623,558.72156
gHO_sBM_cAll_d19_mHO3_ch01,gHO,460,0.8755803,0.33327967,1.5503702,0.88430715,401.89136
gHO_sBM_cAll_d19_mHO2_ch01,gHO,480,0.598922,0.24061354,1.2456127,0.5913194,286.88364
gPO_sBM_cAll_d12_mPO5_ch01,gPO,443,0.5115445,0.33752444,1.2882972,0.4099977,226.10268
gPO_sBM_cAll_d12_mPO4_ch01,gPO,480,0.42240787,0.35129157,1.1701237,0.26060933,202.33337
gKR_sBM_cAll_d28_mKR2_ch01,gKR,576,0.5198111,0.29717544,1.4583713,0.4799584,298.8914
gKR_sBM_cAll_d28_mKR3_ch01,gKR,524,1.6429353,0.63201994,3.827484,1.5356958,859.2551
gJS_sBM_cAll_d03_mJS3_ch04,gJS,524,0.831385,0.82388127,2.8690417,0.50961626,434.81436
gJB_sBM_cAll_d09_mJB5_ch08,gJB,443,1.4080554,0.63504237,3.1185412,1.3679132,622.3605
gJB_sBM_cAll_d08_mJB5_ch06,gJB,443,3.091951,0.8311838,7.3296556,3.0755992,1366.6423
gPO_sFM_cAll_d11_mPO1_ch09,gPO,2558,0.44504267,0.3493471,4.5455713,0.36043003,1137.9741
gWA_sBM_cAll_d27_mWA2_ch02,gWA,576,0.84290594,0.6326035,5.5578094,0.6860531,484.67093
gWA_sBM_cAll_d27_mWA3_ch02,gWA,524,0.8718751,0.67559314,4.102252,0.6881359,455.9907
gMH_sBM_cAll_d22_mMH0_ch01,gMH,720,1.0935266,0.41782412,2.0628493,1.1245035,786.24567
gMH_sBM_cAll_d22_mMH1_ch01,gMH,640,0.8903558,0.4148849,1.9543959,0.870287,568.9374
gLH_sBM_cAll_d18_mLH5_ch02,gLH,443,1.4656783,0.67872506,3.1721222,1.445303,647.82983
gLH_sBM_cAll_d18_mLH4_ch02,gLH,480,1.2431852,0.5229134,2.5173035,1.2477651,595.4857
gLO_sBM_cAll_d15_mLO4_ch01,gLO,480,0.07319337,0.07072625,0.349065,0.04722028,35.059624
gLO_sBM_cAll_d15_mLO5_ch01,gLO,443,0.19792536,0.26210493,1.0650909,0.066024646,87.48301
gJB_sBM_cAll_d08_mJB5_ch04,gJB,443,0.83087033,0.3479946,1.656186,0.7910196,367.2447
gJB_sBM_cAll_d08_mJB5_ch10,gJB,443,0.60395247,0.2715352,1.8833095,0.57020366,266.947
gLH_sBM_cAll_d16_mLH2_ch01,gLH,576,1.1798158,0.59352803,2.958721,1.0688636,678.39404
gBR_sFM_cAll_d04_mBR0_ch01,gBR,2878,0.9568046,0.5070401,4.0026298,0.91916484,2752.7268
gLH_sBM_cAll_d16_mLH3_ch01,gLH,524,1.4130563,0.676432,3.0682676,1.3517251,739.02844
gJS_sBM_cAll_d03_mJS3_ch06,gJS,524,0.6653928,0.488213,2.0292802,0.57719827,348.00043
gKR_sBM_cAll_d28_mKR2_ch03,gKR,576,0.28892127,0.22058246,1.5437423,0.22690466,166.12973
gLO_sBM_cAll_d13_mLO0_ch01,gLO,720,0.14819115,0.14423607,0.6824223,0.09092695,106.54944
gLO_sBM_cAll_d13_mLO1_ch01,gLO,640,0.21096073,0.18038197,0.73455787,0.16239022,134.80391
gMH_sBM_cAll_d24_mMH4_ch01,gMH,480,1.15365,0.5565352,2.9622662,1.1388872,552.5984
gBR_sBM_cAll_d05_mBR5_ch02,gBR,443,0.69202197,0.26918465,1.3984404,0.7109884,305.87372
gMH_sBM_cAll_d24_mMH5_ch01,gMH,443,1.480552,0.57692575,3.0524175,1.5091722,654.404
gBR_sBM_cAll_d05_mBR4_ch02,gBR,480,0.9022089,0.45456517,4.4820075,0.8685117,432.15808
gBR_sBM_cAll_d05_mBR0_ch08,gBR,720,1.3207706,1.2034426,13.720839,1.1502347,949.6341
gPO_sBM_cAll_d10_mPO0_ch02,gPO,720,0.35755447,0.22240968,0.97033614,0.32230592,257.08167
gPO_sBM_cAll_d10_mPO1_ch02,gPO,640,0.42761612,0.2641288,1.2016253,0.3936204,273.2467
gBR_sBM_cAll_d04_mBR0_ch06,gBR,720,1.417069,0.5407473,3.5403926,1.4402769,1018.8726
gHO_sBM_cAll_d19_mHO2_ch02,gHO,480,0.9119865,0.32329607,1.5441736,0.9359126,436.84152
gHO_sBM_cAll_d19_mHO3_ch02,gHO,460,1.0726955,0.48739251,2.1953645,1.0398245,492.36722
gPO_sBM_cAll_d10_mPO1_ch03,gPO,640,0.11961212,0.09348758,0.3988557,0.084167175,76.432144
gBR_sBM_cAll_d05_mBR0_ch09,gBR,720,0.6742546,0.40680808,2.2306583,0.59128356,484.78906
gPO_sBM_cAll_d12_mPO4_ch02,gPO,480,0.4802124,0.35389835,1.6082215,0.39838752,230.02173
gPO_sBM_cAll_d12_mPO5_ch02,gPO,443,0.7740288,0.42050895,1.9144295,0.69803095,342.12073
gKR_sBM_cAll_d28_mKR3_ch02,gKR,524,1.572933,0.7455069,3.6993365,1.6383544,822.6439
gKR_sBM_cAll_d28_mKR2_ch02,gKR,576,0.5583183,0.48916557,2.0801032,0.34260032,321.03302
gJS_sBM_cAll_d03_mJS3_ch07,gJS,524,0.34493548,0.32050404,1.5542593,0.2367212,180.40126
gJB_sBM_cAll_d08_mJB5_ch05,gJB,443,1.4251951,0.65380174,3.2017274,1.3291097,629.9362
gLH_sBM_cAll_d18_mLH4_ch03,gLH,480,0.71429586,0.28992006,1.3653619,0.7170418,342.1477
gJS_sBM_cAll_d01_mJS3_ch08,gJS,524,1.3103205,0.60291207,3.7139666,1.323593,685.2976
gLH_sBM_cAll_d18_mLH4_ch07,gLH,480,0.74007535,0.3329052,1.7822897,0.6780346,354.4961
gJB_sBM_cAll_d08_mJB5_ch01,gJB,443,0.9514044,0.39996672,2.3747406,0.9218663,420.52075
gJB_sBM_cAll_d08_mJB4_ch01,gJB,480,1.2085147,0.42747602,2.907684,1.1641697,578.87854
gJS_sBM_cAll_d03_mJS3_ch03,gJS,524,0.33575758,0.32883242,1.2800796,0.20836993,175.60121
gKR_sBM_cAll_d28_mKR2_ch06,gKR,576,0.7785045,0.6050283,2.3093274,0.4984727,447.64008
gPO_sBM_cAll_d11_mPO1_ch09,gPO,640,0.7774124,0.47362584,2.1929424,0.7202188,496.76654
gBR_sBM_cAll_d06_mBR5_ch02,gBR,443,0.8435005,0.35248047,2.2936502,0.7829681,372.8272
gBR_sBM_cAll_d06_mBR4_ch02,gBR,480,0.73228794,0.31613454,1.7200491,0.70224744,350.76593
gBR_sBM_cAll_d04_mBR0_ch03,gBR,720,1.006482,0.43394208,1.9369576,1.0697542,723.6605
gJB_sFM_cAll_d09_mJB5_ch20,gJB,1771,0.89176786,0.7780498,7.0026207,0.6767241,1578.4291
gPO_sBM_cAll_d10_mPO1_ch07,gPO,640,0.29866567,0.20895743,0.9808519,0.26765722,190.84737
gJS_sFM_cAll_d03_mJS3_ch04,gJS,2093,0.75552326,0.47850445,3.360939,0.6344373,1580.5547
gPO_sBM_cAll_d10_mPO1_ch06,gPO,640,0.1263337,0.086027674,0.38958666,0.09941249,80.727234
gBR_sBM_cAll_d04_mBR1_ch02,gBR,640,0.94207764,0.4245447,2.0084758,0.9510912,601.9876
gBR_sBM_cAll_d04_mBR0_ch02,gBR,720,0.95309496,0.43958175,2.0527713,0.9767451,685.27527
gPO_sBM_cAll_d11_mPO1_ch08,gPO,640,0.6804418,0.34882593,1.4359068,0.71378154,434.8023
gJB_sFM_cAll_d08_mJB5_ch13,gJB,1771,1.0431144,0.6305944,3.6654594,0.97632015,1846.3125
gPO_sBM_cAll_d11_mPO4_ch02,gPO,480,0.40537766,0.23532772,1.1346909,0.3693378,194.1759
gPO_sBM_cAll_d11_mPO5_ch02,gPO,443,0.50928783,0.24518956,1.1104724,0.48561382,225.10522
gKR_sBM_cAll_d28_mKR2_ch07,gKR,576,1.5865543,0.84240085,3.6642194,1.6486131,912.26874
gLO_sBM_cAll_d14_mLO0_ch01,gLO,720,0.4048855,0.34288913,2.3915906,0.3123675,291.11267
gLO_sBM_cAll_d14_mLO1_ch01,gLO,640,0.49107832,0.40146452,2.3376808,0.3788362,313.79904
gJS_sBM_cAll_d03_mJS2_ch02,gJS,576,0.11854992,0.13005964,0.56117225,0.06548641,68.16621
gJS_sBM_cAll_d03_mJS3_ch02,gJS,524,0.1215368,0.14223294,0.6005372,0.05363558,63.563747
gMH_sBM_cAll_d23_mMH4_ch01,gMH,480,0.8879808,0.3397053,1.6678958,0.8513083,425.3428
gMH_sBM_cAll_d23_mMH5_ch01,gMH,443,0.74241453,0.36395636,1.6030675,0.7075222,328.14722
gLH_sBM_cAll_d18_mLH4_ch06,gLH,480,0.7646186,0.3293254,1.5765522,0.73252785,366.2523
gJS_sBM_cAll_d01_mJS3_ch09,gJS,524,1.2762216,0.95044655,4.1957135,1.1633934,667.4639
gLH_sBM_cAll_d18_mLH4_ch04,gLH,480,0.59611547,0.21237323,1.1803437,0.5914544,285.5393
gLH_sBM_cAll_d18_mLH4_ch10,gLH,480,0.47419474,0.21851872,1.2317436,0.46810338,227.13928
gJB_sBM_cAll_d08_mJB4_ch02,gJB,480,1.4924072,0.52747613,3.2868152,1.3620273,714.86304
gJB_sBM_cAll_d08_mJB5_ch02,gJB,443,1.4526718,0.55494225,3.6509001,1.3906052,642.08093
gKR_sBM_cAll_d28_mKR2_ch05,gKR,576,1.1362457,0.5981067,2.7060394,1.0974848,653.3413
gBR_sBM_cAll_d06_mBR4_ch01,gBR,480,1.3164823,0.49907777,2.7932088,1.3242924,630.59503
gBR_sBM_cAll_d06_mBR5_ch01,gBR,443,1.7649536,0.52714837,3.5357928,1.7345266,780.1095
gPO_sBM_cAll_d10_mPO1_ch04,gPO,640,0.032693084,0.02438131,0.10268012,0.028317563,20.89088
gPO_sBM_cAll_d10_mPO1_ch10,gPO,640,0.58806944,0.3191347,1.4447314,0.53922075,375.77637
gPO_sBM_cAll_d10_mPO1_ch05,gPO,640,0.1013982,0.067479536,0.2710292,0.085224636,64.79345
gBR_sBM_cAll_d04_mBR0_ch01,gBR,720,0.72016406,0.3081671,1.4834565,0.7283933,517.798
gBR_sBM_cAll_d04_mBR1_ch01,gBR,640,1.1482319,0.3943853,1.9018658,1.2304353,733.72015
gPO_sBM_cAll_d11_mPO5_ch01,gPO,443,0.48283795,0.266363,1.0857579,0.47632754,213.41437
gPO_sBM_cAll_d11_mPO4_ch01,gPO,480,0.38985524,0.27293217,0.9896019,0.35174268,186.74066
gKR_sBM_cAll_d28_mKR2_ch04,gKR,576,0.38821012,0.17138693,1.0425555,0.36158204,223.22083
gKR_sBM_cAll_d28_mKR2_ch10,gKR,576,0.3855391,0.24438824,1.2397845,0.36279944,221.685
gLO_sBM_cAll_d14_mLO1_ch02,gLO,640,0.48074394,0.32227275,1.6983609,0.4180923,307.19537
gLO_sBM_cAll_d14_mLO0_ch02,gLO,720,0.4341041,0.27866384,1.2903721,0.38199195,312.12085
gPO_sFM_cAll_d10_mPO1_ch02,gPO,2558,0.45748797,0.36498386,3.5412955,0.36047536,1169.7968
gJS_sBM_cAll_d03_mJS3_ch01,gJS,524,0.025174063,0.021477623,0.12526833,0.019288039,13.166035
gJS_sBM_cAll_d03_mJS2_ch01,gJS,576,0.026730616,0.02767578,0.17656523,0.01835548,15.370104
gMH_sBM_cAll_d23_mMH5_ch02,gMH,443,1.0872095,0.6254171,2.72678,0.8895664,480.54657
gMH_sBM_cAll_d23_mMH4_ch02,gMH,480,0.9476922,0.54238546,2.4150684,0.8831463,453.94458
gJB_sBM_cAll_d08_mJB5_ch03,gJB,443,1.0742139,0.4852363,3.2089586,0.9792211,474.80255
gLH_sBM_cAll_d18_mLH4_ch05,gLH,480,1.0512203,0.4295471,2.0435154,1.0822104,503.53455
gKR_sFM_cAll_d28_mKR2_ch03,gKR,2302,0.9552008,0.57161814,3.8567514,0.84267336,2197.917
gWA_sBM_cAll_d25_mWA3_ch01,gWA,524,0.4371715,0.22125086,1.8719988,0.40957335,228.64069
gWA_sBM_cAll_d25_mWA2_ch01,gWA,576,0.5175534,0.38400966,3.975453,0.4132273,297.5932
gJS_sBM_cAll_d01_mJS3_ch07,gJS,524,0.4032206,0.37514478,1.6309493,0.24064492,210.88437
gLH_sBM_cAll_d18_mLH4_ch08,gLH,480,0.49253,0.23087795,1.056677,0.47329587,235.92186
gKR_sBM_cAll_d28_mKR2_ch09,gKR,576,0.74559575,0.41846555,1.9433274,0.6376152,428.71756
gBR_sBM_cAll_d05_mBR1_ch02,gBR,640,1.1625662,0.53310907,2.581547,1.1555465,742.87976
gBR_sBM_cAll_d05_mBR0_ch02,gBR,720,0.92314696,0.43916,1.9467139,0.9567411,663.7427
gPO_sBM_cAll_d11_mPO1_ch06,gPO,640,0.25426894,0.122160316,0.72312593,0.24152918,162.47786
gPO_sBM_cAll_d10_mPO1_ch08,gPO,640,0.9807053,0.49627426,2.355524,1.0103257,626.6707
gPO_sBM_cAll_d10_mPO1_ch09,gPO,640,0.39850146,0.2206505,0.9145528,0.39660648,254.64243
gPO_sBM_cAll_d11_mPO1_ch07,gPO,640,0.35568333,0.22746244,1.1083825,0.30131778,227.28165
gJS_sFM_cAll_d02_mJS3_ch04,gJS,2093,0.9020421,0.5539115,6.7916923,0.7878973,1887.072
gBR_sBM_cAll_d05_mBR0_ch03,gBR,720,0.9781788,0.4109464,1.9763854,1.0305628,703.31055
gKR_sBM_cAll_d28_mKR2_ch08,gKR,576,0.71488184,0.32049805,1.5098737,0.69886804,411.05707
gJB_sBM_cAll_d09_mJB5_ch01,gJB,443,1.1408447,0.47044927,2.7415307,1.1385136,504.25336
gJB_sBM_cAll_d09_mJB4_ch01,gJB,480,1.0398265,0.44584158,2.400935,1.0514536,498.0769
gLH_sBM_cAll_d18_mLH4_ch09,gLH,480,1.0767894,0.41929358,2.293702,1.0369587,515.7821
gJB_sBM_cAll_d07_mJB2_ch02,gJB,576,1.6584722,0.7361462,5.3475056,1.587848,953.6215
gJS_sBM_cAll_d01_mJS3_ch06,gJS,524,0.79719293,0.45894694,2.141892,0.91778046,416.93192
gJB_sBM_cAll_d07_mJB3_ch02,gJB,524,1.6822836,0.6783163,3.9143527,1.6886984,879.83435
gWA_sBM_cAll_d25_mWA2_ch02,gWA,576,0.4143806,0.3204156,2.2091386,0.33271772,238.26884
gWA_sBM_cAll_d25_mWA3_ch02,gWA,524,0.55257154,0.34179154,2.397809,0.501011,288.9949
gJS_sBM_cAll_d01_mJS3_ch04,gJS,524,0.7900428,0.894565,3.1552563,0.2987345,413.19238
gJS_sBM_cAll_d01_mJS3_ch10,gJS,524,0.2911399,0.23611468,2.2846837,0.22793418,152.26617
gJB_sBM_cAll_d09_mJB5_ch03,gJB,443,1.2071179,0.6563093,6.6903596,1.0834025,533.54614
gBR_sBM_cAll_d05_mBR0_ch01,gBR,720,0.99872804,0.50539494,2.1041584,0.9547285,718.08545
gBR_sBM_cAll_d05_mBR1_ch01,gBR,640,1.6437309,0.51913583,3.02583,1.634981,1050.344
gPO_sBM_cAll_d11_mPO1_ch05,gPO,640,0.34196573,0.26412144,1.1793046,0.23752633,218.51611
gPO_sBM_cAll_d11_mPO1_ch04,gPO,640,0.14677112,0.08180789,0.43663576,0.13365182,93.78674
gPO_sBM_cAll_d11_mPO1_ch10,gPO,640,0.6295892,0.3289495,1.5565219,0.6455429,402.3075
gLH_sFM_cAll_d18_mLH4_ch19,gLH,1919,0.7426499,0.5594245,7.6272783,0.5720353,1424.4026
gJB_sBM_cAll_d09_mJB4_ch02,gJB,480,1.2050253,0.66210514,3.4791098,1.1421884,577.20715
gJB_sBM_cAll_d09_mJB5_ch02,gJB,443,1.401673,0.7414971,4.2156796,1.3915614,619.5394
gJB_sBM_cAll_d07_mJB2_ch01,gJB,576,1.0929812,0.4267303,2.6144974,1.0861089,628.46423
gJS_sBM_cAll_d01_mJS3_ch05,gJS,524,0.07698767,0.054483935,0.25827593,0.06328081,40.26455
gJB_sBM_cAll_d08_mJB0_ch02,gJB,720,1.0684866,0.49256948,2.9684427,0.9568983,768.2418
gJB_sBM_cAll_d08_mJB1_ch02,gJB,640,1.2083061,0.54349166,2.9671235,1.0514753,772.10754
gJS_sBM_cAll_d01_mJS3_ch01,gJS,524,0.036935262,0.05042293,0.41243947,0.022439381,19.317142
gJS_sBM_cAll_d01_mJS2_ch01,gJS,576,0.029492477,0.041644737,0.3112946,0.01645178,16.958174
gPO_sFM_cAll_d12_mPO1_ch16,gPO,2558,0.47590885,0.33835405,3.593265,0.3835255,1216.8989
gHO_sBM_cAll_d21_mHO3_ch01,gHO,460,0.9143522,0.31307766,1.7449256,0.9248665,419.68765
gHO_sBM_cAll_d21_mHO2_ch01,gHO,480,0.69026774,0.2565606,1.3726103,0.68074715,330.63824
gJB_sBM_cAll_d08_mJB5_ch08,gJB,443,1.0686221,0.51950777,2.3495681,0.94265807,472.33096
gJB_sBM_cAll_d09_mJB5_ch06,gJB,443,2.8624718,1.349822,8.4221735,2.994109,1265.2125
gKR_sBM_cAll_d30_mKR4_ch02,gKR,480,0.8896347,0.45742646,2.1048427,0.7630752,426.13504
gBR_sBM_cAll_d05_mBR0_ch04,gBR,720,1.0364912,0.47001016,2.2625258,1.0547194,745.2371
gBR_sBM_cAll_d05_mBR0_ch10,gBR,720,0.36461052,0.19838595,1.030486,0.3486405,262.15497
gBR_sBM_cAll_d05_mBR0_ch05,gBR,720,1.2499115,0.7610243,3.7645433,1.0857522,898.6864
gPO_sBM_cAll_d11_mPO1_ch01,gPO,640,0.45162204,0.30068442,1.1373706,0.38704863,288.5865
gPO_sBM_cAll_d11_mPO0_ch01,gPO,720,0.2819521,0.23264109,0.7461873,0.20118213,202.72357
gJB_sBM_cAll_d09_mJB5_ch07,gJB,443,2.9266584,1.4144875,9.812654,2.7700696,1293.583
gJB_sBM_cAll_d08_mJB5_ch09,gJB,443,1.7077421,0.8830182,4.014941,1.6401356,754.822
gMH_sBM_cAll_d23_mMH1_ch02,gMH,640,1.447136,0.8055803,4.1654406,1.3515549,924.7199
gMH_sBM_cAll_d23_mMH0_ch02,gMH,720,1.2250143,0.61169547,3.239312,1.1626339,880.7853
gLO_sBM_cAll_d14_mLO5_ch02,gLO,443,0.34863436,0.17693153,0.88904834,0.33484727,154.09639
gLO_sBM_cAll_d14_mLO4_ch02,gLO,480,0.22573154,0.18027267,1.0449972,0.17094256,108.125404
gJB_sBM_cAll_d08_mJB1_ch01,gJB,640,1.116422,0.4575633,2.5666003,1.100242,713.3937
gJB_sBM_cAll_d08_mJB0_ch01,gJB,720,1.0270665,0.39199775,2.3185008,1.0004164,738.4608
gJS_sBM_cAll_d01_mJS2_ch02,gJS,576,0.12682803,0.16656086,0.7382762,0.04521385,72.92612
gJS_sBM_cAll_d01_mJS3_ch02,gJS,524,0.15650173,0.17981702,0.7236122,0.0723632,81.8504
gHO_sBM_cAll_d21_mHO2_ch02,gHO,480,0.9872476,0.36374435,1.8373121,0.97101396,472.8916
gHO_sBM_cAll_d21_mHO3_ch02,gHO,460,1.1170187,0.4320449,2.19397,1.0817751,512.7116
gJS_sBM_cAll_d03_mJS3_ch09,gJS,524,0.68442017,0.67683536,2.7253094,0.4186282,357.95175
gJB_sBM_cAll_d09_mJB5_ch05,gJB,443,1.3496358,0.71498907,3.5225422,1.2727807,596.53906
gKR_sBM_cAll_d30_mKR4_ch01,gKR,480,0.94476664,0.5662251,2.3182917,0.78271943,452.5432
gPO_sBM_cAll_d11_mPO1_ch03,gPO,640,0.3916588,0.24655159,1.2405773,0.35982674,250.26999
gBR_sBM_cAll_d04_mBR0_ch09,gBR,720,0.7298604,0.45806825,2.184829,0.6278676,524.76965
gBR_sBM_cAll_d05_mBR0_ch06,gBR,720,1.391664,0.6430269,2.9145348,1.4198829,1000.60645
gPO_sBM_cAll_d11_mPO0_ch02,gPO,720,0.40133756,0.25948673,1.1712946,0.33573365,288.5617
gPO_sBM_cAll_d11_mPO1_ch02,gPO,640,0.6742739,0.36275688,1.755703,0.6479941,430.86102
gJS_sFM_cAll_d01_mJS3_ch04,gJS,2093,0.79358476,0.47459868,5.451406,0.70397484,1660.1793
gJB_sBM_cAll_d09_mJB5_ch04,gJB,443,1.2482623,0.74577373,3.3458493,1.4230227,551.73193
gJS_sBM_cAll_d03_mJS3_ch08,gJS,524,0.9491552,0.4988787,2.1875465,0.78008765,496.40817
gJB_sBM_cAll_d09_mJB5_ch10,gJB,443,0.8865157,0.5171776,4.768103,0.7771487,391.83994
gJS_sBM_cAll_d01_mJS3_ch03,gJS,524,0.36197394,0.30029374,1.2210386,0.29118213,189.31238
gMH_sBM_cAll_d23_mMH0_ch01,gMH,720,0.9928184,0.4107395,2.16245,0.9599448,713.8364
gKR_sFM_cAll_d29_mKR2_ch10,gKR,2302,1.0498378,0.70013684,4.1405897,0.86813116,2415.6768
gMH_sBM_cAll_d23_mMH1_ch01,gMH,640,1.3395797,0.536654,2.9898686,1.3057504,855.99146
gLO_sBM_cAll_d14_mLO4_ch01,gLO,480,0.33508494,0.25686687,0.9921636,0.25507674,160.50569
gLO_sBM_cAll_d14_mLO5_ch01,gLO,443,0.27815092,0.19897947,0.8832041,0.20700711,122.9427
gHO_sBM_cAll_d21_mHO4_ch01,gHO,443,0.83128035,0.31251022,1.5297145,0.82344943,367.4259
gHO_sBM_cAll_d21_mHO5_ch01,gHO,426,1.0228455,0.38683587,1.9434296,1.0349146,434.70932
gLH_sBM_cAll_d17_mLH4_ch03,gLH,480,0.8518742,0.4210566,1.7544943,0.8205013,408.04773
gWA_sBM_cAll_d26_mWA5_ch02,gWA,443,0.5217424,0.4277006,2.826942,0.39330232,230.61014
gMH_sBM_cAll_d22_mMH3_ch07,gMH,524,1.6474983,0.61254257,3.372113,1.6417341,861.6416
gWA_sBM_cAll_d26_mWA4_ch02,gWA,480,0.38257766,0.37109002,2.6639059,0.24372676,183.2547
gWA_sBM_cAll_d26_mWA0_ch08,gWA,720,0.26524457,0.22423013,2.2372212,0.18838406,190.71085
gLO_sBM_cAll_d13_mLO2_ch07,gLO,576,0.74602336,0.35590532,1.6673298,0.7037955,428.96344
gLO_sFM_cAll_d14_mLO2_ch10,gLO,2302,0.7965241,0.59015614,6.0494285,0.65482074,1832.802
gKR_sBM_cAll_d30_mKR2_ch02,gKR,576,0.5571171,0.22386116,1.0833602,0.5233655,320.34235
gKR_sBM_cAll_d30_mKR3_ch02,gKR,524,1.0088862,0.36047328,1.799521,1.0295984,527.6475
gKR_sBM_cAll_d29_mKR5_ch01,gKR,443,0.7764431,0.3752333,1.8075367,0.6957039,343.18787
gWA_sFM_cAll_d27_mWA0_ch15,gWA,2878,0.485492,0.38591525,3.629313,0.3998287,1396.7605
gKR_sBM_cAll_d29_mKR4_ch01,gKR,480,0.671763,0.3140145,1.7743928,0.6062995,321.77448
gKR_sBM_cAll_d30_mKR2_ch03,gKR,576,0.30280793,0.133118,0.7914091,0.29325676,174.11456
gBR_sBM_cAll_d04_mBR3_ch01,gBR,524,1.4605386,0.49744192,2.582646,1.4818288,763.8617
gBR_sBM_cAll_d04_mBR2_ch01,gBR,576,1.0112054,0.41759506,2.023742,1.0170828,581.4431
gLO_sBM_cAll_d13_mLO2_ch06,gLO,576,1.0251552,0.41469502,1.9116969,1.0645483,589.46423
gMH_sBM_cAll_d22_mMH3_ch06,gMH,524,1.6916418,0.886981,4.4314156,1.587841,884.72864
gLH_sBM_cAll_d17_mLH4_ch02,gLH,480,0.9861123,0.51074135,2.2076423,0.98972565,472.34778
gLH_sBM_cAll_d17_mLH5_ch02,gLH,443,1.0833526,0.50507987,2.4300475,1.0628605,478.84186
gHO_sBM_cAll_d21_mHO5_ch02,gHO,426,1.2687813,0.548626,2.9393172,1.2271221,539.23206
gHO_sBM_cAll_d21_mHO4_ch02,gHO,443,1.0672061,0.46422634,2.1901207,1.0184823,471.70514
gLO_sFM_cAll_d13_mLO2_ch03,gLO,2302,0.8140629,0.56350315,3.19094,0.70073473,1873.1587
gMH_sBM_cAll_d22_mMH3_ch04,gMH,524,1.37838,0.58935916,2.9136362,1.3244982,720.8927
gWA_sBM_cAll_d26_mWA4_ch01,gWA,480,0.19528721,0.21393655,2.7853005,0.14772658,93.54257
gMH_sBM_cAll_d22_mMH3_ch10,gMH,524,1.987505,0.52024525,3.4654298,2.0178204,1039.4651
gWA_sBM_cAll_d26_mWA5_ch01,gWA,443,0.25905764,0.2461495,1.9777755,0.19097748,114.50347
gLO_sBM_cAll_d13_mLO2_ch10,gLO,576,0.5897635,0.3443509,1.6877211,0.54379576,339.114
gLO_sBM_cAll_d13_mLO2_ch04,gLO,576,0.058863718,0.050970636,0.23367189,0.0368138,33.846638
gKR_sBM_cAll_d30_mKR3_ch01,gKR,524,1.287166,0.39331928,2.5306003,1.2916802,673.1878
gKR_sBM_cAll_d30_mKR2_ch01,gKR,576,0.45447838,0.27111137,1.279849,0.38107818,261.32507
gKR_sBM_cAll_d29_mKR4_ch02,gKR,480,0.5275621,0.22730279,1.0623345,0.5490437,252.70224
gKR_sBM_cAll_d29_mKR5_ch02,gKR,443,0.6303064,0.2968135,1.4078265,0.57045186,278.59543
gBR_sBM_cAll_d04_mBR2_ch02,gBR,576,0.91011614,0.42602944,2.1621752,0.9103648,523.3168
gBR_sBM_cAll_d04_mBR3_ch02,gBR,524,0.90595055,0.44125298,2.2118099,0.8783021,473.81213
gLO_sBM_cAll_d13_mLO2_ch05,gLO,576,0.3578997,0.19296288,0.8382134,0.34412703,205.79233
gLH_sFM_cAll_d17_mLH4_ch12,gLH,1919,0.7945222,0.5495578,6.216429,0.66213584,1523.8937
gMH_sBM_cAll_d22_mMH3_ch05,gMH,524,1.2554656,0.5381176,4.2784348,1.2726319,656.6085
gLH_sBM_cAll_d17_mLH5_ch01,gLH,443,1.3553348,0.6505652,2.7912822,1.3337713,599.058
gLH_sBM_cAll_d17_mLH4_ch01,gLH,480,1.2913364,0.63337713,2.6621084,1.236903,618.5502
gHO_sBM_cAll_d21_mHO5_ch03,gHO,426,1.178216,0.4261704,2.0866954,1.2146454,500.7418
gJS_sBM_cAll_d02_mJS5_ch02,gJS,443,0.19655627,0.18787132,0.7274194,0.1211644,86.87787
gJS_sBM_cAll_d02_mJS4_ch02,gJS,480,0.1679078,0.16395962,0.69627976,0.093040206,80.42784
gHO_sBM_cAll_d21_mHO5_ch07,gHO,426,1.0795258,0.47175398,2.3873944,1.0465677,458.7985
gLH_sBM_cAll_d17_mLH4_ch05,gLH,480,0.9878466,0.36992696,2.051279,1.0298305,473.17853
gMH_sBM_cAll_d22_mMH3_ch01,gMH,524,1.505635,0.6120798,4.0149903,1.4980935,787.44714
gMH_sBM_cAll_d22_mMH2_ch01,gMH,576,1.1920767,0.5018668,2.559461,1.1995811,685.4441
gHO_sBM_cAll_d20_mHO5_ch09,gHO,426,0.8831455,0.2554624,1.4903651,0.8811182,375.33685
gLH_sBM_cAll_d16_mLH1_ch01,gLH,640,1.2534401,0.55681133,2.9279418,1.1655688,800.94824
gLH_sBM_cAll_d16_mLH0_ch01,gLH,720,0.87716246,0.5286883,2.2341726,0.7377979,630.6798
gKR_sFM_cAll_d30_mKR2_ch17,gKR,2302,0.7453176,0.52571857,2.8475573,0.63473773,1714.9757
gMH_sFM_cAll_d24_mMH3_ch18,gMH,2093,1.1616038,0.6383096,4.485025,1.0543813,2430.0752
gLO_sBM_cAll_d13_mLO3_ch01,gLO,524,0.18570279,0.21986146,0.9430348,0.10204832,97.12256
gLO_sBM_cAll_d13_mLO2_ch01,gLO,576,0.07992356,0.066990875,0.29373002,0.05926771,45.956047
gKR_sBM_cAll_d30_mKR2_ch10,gKR,576,0.2654657,0.1293902,0.58130115,0.26067492,152.64278
gPO_sBM_cAll_d10_mPO3_ch02,gPO,524,0.7181883,0.375903,1.6196321,0.75509757,375.6125
gKR_sBM_cAll_d30_mKR2_ch04,gKR,576,0.66930914,0.288065,1.4030871,0.6242912,384.85275
gPO_sBM_cAll_d10_mPO2_ch02,gPO,576,0.39207485,0.25920242,1.1883353,0.3218477,225.44304
gWA_sFM_cAll_d26_mWA0_ch08,gWA,2878,0.5082093,0.4070285,4.435169,0.4221229,1462.1182
gHO_sBM_cAll_d19_mHO1_ch02,gHO,500,0.92160064,0.29970756,1.5662361,0.9445926,459.87872
gHO_sBM_cAll_d19_mHO0_ch02,gHO,524,0.85291433,0.282451,1.511276,0.8907317,446.0742
gKR_sBM_cAll_d30_mKR2_ch05,gKR,576,0.6801584,0.34581274,1.7374892,0.6323937,391.09106
gKR_sBM_cAll_d28_mKR0_ch02,gKR,720,0.31849214,0.268645,1.0776505,0.21502712,228.99585
gKR_sBM_cAll_d28_mKR1_ch02,gKR,640,0.5967182,0.38030824,1.3541268,0.51597816,381.30292
gHO_sBM_cAll_d20_mHO1_ch02,gHO,500,1.240935,0.42293993,2.2775023,1.2513713,619.22656
gHO_sBM_cAll_d20_mHO0_ch02,gHO,524,0.92994046,0.35051122,1.6601388,0.905736,486.35886
gHO_sBM_cAll_d20_mHO5_ch08,gHO,426,1.0128582,0.42698085,2.188199,0.90624225,430.46472
gJB_sBM_cAll_d09_mJB2_ch01,gJB,576,0.97809696,0.35152438,1.9557489,0.9513912,562.40576
gJB_sBM_cAll_d09_mJB3_ch01,gJB,524,1.0901995,0.45268795,3.0782027,1.090642,570.1743
gLH_sBM_cAll_d17_mLH4_ch10,gLH,480,0.24148725,0.1310258,0.7729993,0.2137607,115.67239
gLH_sBM_cAll_d17_mLH4_ch04,gLH,480,0.4490746,0.20115365,1.0845416,0.42563444,215.10674
gHO_sBM_cAll_d21_mHO5_ch06,gHO,426,1.2560228,0.3352883,2.4356942,1.2332456,533.8097
gJS_sBM_cAll_d02_mJS4_ch01,gJS,480,0.017008897,0.01319781,0.05896063,0.012579772,8.147262
gJS_sBM_cAll_d02_mJS5_ch01,gJS,443,0.02085306,0.012933879,0.062040057,0.01680832,9.217052
gHO_sBM_cAll_d21_mHO5_ch10,gHO,426,0.9177179,0.45207798,2.3479316,0.8125044,390.0301
gHO_sBM_cAll_d21_mHO5_ch04,gHO,426,1.3962454,0.4818784,2.3992152,1.4570973,593.4043
gLH_sBM_cAll_d17_mLH4_ch06,gLH,480,0.8201999,0.31591842,1.5648675,0.8293013,392.87576
gWA_sBM_cAll_d25_mWA0_ch08,gWA,720,0.41083446,0.24200146,1.2092562,0.34837502,295.38998
gMH_sBM_cAll_d22_mMH2_ch02,gMH,576,1.017818,0.5083006,2.5588531,0.96278805,585.24536
gMH_sBM_cAll_d22_mMH3_ch02,gMH,524,1.330906,0.6518885,2.9758387,1.2473557,696.06384
gLH_sBM_cAll_d16_mLH0_ch02,gLH,720,0.86197597,0.4076409,1.964835,0.7752098,619.76074
gLH_sBM_cAll_d16_mLH1_ch02,gLH,640,1.3107077,0.56248254,3.0871308,1.2161798,837.54224
gLO_sBM_cAll_d15_mLO2_ch08,gLO,576,1.1841891,0.5553217,2.611456,1.180319,680.90875
gLO_sBM_cAll_d13_mLO2_ch02,gLO,576,0.16747771,0.09170616,0.45279187,0.15407364,96.29968
gLO_sBM_cAll_d13_mLO3_ch02,gLO,524,0.42648688,0.2521769,1.1323512,0.4205966,223.05264
gKR_sBM_cAll_d30_mKR2_ch07,gKR,576,1.7859759,0.9950042,4.1303086,1.7183429,1026.9362
gPO_sBM_cAll_d10_mPO2_ch01,gPO,576,0.2696011,0.22504424,0.7266776,0.17891829,155.02063
gPO_sBM_cAll_d10_mPO3_ch01,gPO,524,0.43152812,0.2998501,1.0403908,0.35782674,225.68921
gMH_sBM_cAll_d24_mMH3_ch08,gMH,524,0.9442411,0.53601366,2.099253,0.85076267,493.8381
gMH_sBM_cAll_d24_mMH3_ch09,gMH,524,1.1957217,0.7084958,2.594843,1.1589437,625.3625
gJB_sFM_cAll_d07_mJB5_ch06,gJB,1771,1.320523,0.9655056,7.036971,1.1333466,2337.3257
gHO_sBM_cAll_d19_mHO0_ch01,gHO,524,0.5775171,0.21360676,1.0473405,0.5749344,302.04144
gHO_sBM_cAll_d19_mHO1_ch01,gHO,500,0.6151715,0.21722429,1.1395421,0.61588025,306.97058
gKR_sBM_cAll_d30_mKR2_ch06,gKR,576,0.7009417,0.4056325,1.5758036,0.6941798,403.04147
gKR_sBM_cAll_d28_mKR1_ch01,gKR,640,1.136044,0.4701577,2.4421904,1.146951,725.9321
gMH_sFM_cAll_d22_mMH3_ch04,gMH,2093,1.1458946,0.7034337,3.7120278,0.99519324,2397.2117
gLO_sBM_cAll_d13_mLO2_ch03,gLO,576,0.06853179,0.0662011,0.29916927,0.04463713,39.405777
gKR_sBM_cAll_d28_mKR0_ch01,gKR,720,0.49246934,0.2487803,1.1333994,0.44528028,354.08545
gLO_sBM_cAll_d15_mLO2_ch09,gLO,576,0.4086857,0.49834657,1.9132009,0.1645022,234.99428
gHO_sBM_cAll_d20_mHO0_ch01,gHO,524,0.75521064,0.26979417,1.5240924,0.7242365,394.97516
gHO_sBM_cAll_d20_mHO1_ch01,gHO,500,1.3054804,0.33265865,2.0792153,1.2880256,651.4347
gMH_sBM_cAll_d22_mMH3_ch03,gMH,524,1.6437963,0.7335232,3.514822,1.6638304,859.7055
gJB_sBM_cAll_d09_mJB3_ch02,gJB,524,1.205303,0.61336035,3.5598261,1.1529136,630.3735
gWA_sBM_cAll_d25_mWA0_ch09,gWA,720,0.28636244,0.2707207,1.670466,0.20617412,205.89459
gJB_sBM_cAll_d09_mJB2_ch02,gJB,576,1.1694959,0.6243278,2.991972,1.0700268,672.46014
gLH_sBM_cAll_d17_mLH4_ch07,gLH,480,0.52502036,0.19104141,1.1475335,0.51009315,251.48474
gHO_sBM_cAll_d21_mHO5_ch05,gHO,426,1.0202426,0.40920934,1.9572355,1.0638237,433.6031
